Card#,Title,Artist,URL,Hashed Info,Youtube-Title,Year
1 ,"Nachts, wenn alles schl√§ft...",Howard Carpendale,https://www.youtube.com/watch?v=OzUP8DYhGGo,f0a9d9d64985c6dcf19f63a29d773e3a85991e0b5b8c2ba34d28c14588427643,"Nachts, wenn alles schl√§ft (Remastered 2003)",2003 
2 ,Love Shack - Edit,The B-52's,https://www.youtube.com/watch?v=9SOryJvTAGs,691963f9970b395bdd224e49c1a294e8933ffa0d6b2b53cda2fa1f7dccc18ed2,The B-52's - Love Shack (Official Music Video),1989 
3 ,Wake Me Up Before You Go-Go,Wham!,https://www.youtube.com/watch?v=pIgZ7gMze7A,f757f27826c1655e7aab36e42f2c4314ba986ee310d3937b3b06f43357dba285,Wham! - Wake Me Up Before You Go-Go (Official Video),1984 
4 ,Daydream Believer,The Monkees,https://www.youtube.com/watch?v=xvqeSJlgaNk,70b55b84c77b03ce0c013d0e4dee01775654ce49b201eaf500b6d1a1c338e5d2,The Monkees - Daydream Believer (Official Music Video),1968 
5 ,Issues,Julia Michaels,https://www.youtube.com/watch?v=9Ke4480MicU,6e2bdfd97ea581a4a560f8006af47cf278855299c23876083e83f89fbeb5e690,Julia Michaels - Issues,2017 
6 ,Black Saturday,Mando Diao,https://www.youtube.com/watch?v=nWi4SjihYGU,52b6b5bcd68cadda2aecd2001bbe2b3e3ab1c5402c61e28657ed51b619bdc1ec,Mando Diao - Black Saturday (Official Video),2014 
7 ,The Weekend - Radio Edit,Michael Gray,https://www.youtube.com/watch?v=N3kkNfH4yco,94d75555df9e372248afabd8d7851d4d2ee79394133490ce05ec8dcf4134b50c,Michael Gray - The Weekend (Official Video),2007 
8 ,I Will Always Love You,Whitney Houston,https://www.youtube.com/watch?v=3JWTaaS7LdU,7e70346975820a78466921dee30c7a2d7d9cb80ea91ca93768e16ef68cbdbf0c,Whitney Houston - I Will Always Love You (Official 4K Video),1992 
9 ,Tears in Heaven,Eric Clapton,https://www.youtube.com/watch?v=JxPj3GAYYZ0,c9a4cc07a82b5974a3468cf62d08743fe81152a356bd306c05a91ecdc0eeb2cc,Eric Clapton - Tears In Heaven (Official Video),1992 
10 ,Woman In Love,Barbra Streisand,https://www.youtube.com/watch?v=hQLGCX8D-1Y,8d5598ab20d6ba3b187872a2341bbc55d23054187b59af85eacfc90ed150178f,Barbra Streisand - Woman in Love (Audio),2002 
11 ,Please Mr. Postman,Carpenters,https://www.youtube.com/watch?v=AHfddvbKb4w,94d7ac0b42ae87e5b4ae7234f4af25ccf67ebdee9e442739924926059c438c9f,Please Mr Postman- The Carpenters (1975),1975 
12 ,Crucified,Army Of Lovers,https://www.youtube.com/watch?v=di18hTFTwIw,d81ef9052af3707e35aa75c55e9a79b89c1eb710e78ea30192a0249811775d81,Army Of Lovers - Crucified,1991 
13 ,Holiday,The Other Ones,https://www.youtube.com/watch?v=PSP-S882RKc,aa9a8e2dee5a04f8781700e639f0fc4d08a89c19facdb9765f4a721007e3bb3c,Holiday,1986 
14 ,Hijo de la Luna,Mecano,https://www.youtube.com/watch?v=iM9Nx7RYPqs,2d37a04081dd9a6a345246e8026e02dd50b54773ca4e1220f09802597f82aebb,Mecano - Hijo de la luna (Videoclip Oficial),1986 
15 ,I'd Do Anything For Love (But I Won't Do That),Meat Loaf,https://www.youtube.com/watch?v=228ws5xGsbQ,4d6019cf14d12d19d9e4e88ea6e510c8774f68d7d00a0b8899ece4896671fb58,Meat Loaf | I'd Do Anything For Love (But I Won't Do That) [HQ],1993 
16 ,Soulmate,Natasha Bedingfield,https://www.youtube.com/watch?v=P27MPi3ZhCg,a28c956e6f9893506b2b2522092686422ad205cee2fefb9cd1b105148c98aaa5,Natasha Bedingfield - Soulmate (Official Video),2007 
17 ,Faust auf Faust (Schimanski),Klaus Lage,https://www.youtube.com/watch?v=lTlpWn7EcdA,bc0f6a93d9105fb2350aaa561a4158bfb58844913b17f4ad77aec65b0c24590f,Klaus Lage- Schimanski Faust auf Faust,1985 
18 ,Because I Love You,Stevie B,https://www.youtube.com/watch?v=Xc1uQI2XmZs,1b7481b35f27f545c1c1421f59da81c8fb7a26e8e14092ff0de91aa6ffe8348a,Stevie B - Because I Love You (The Postman Song),1990 
19 ,Anywhere,Rita Ora,https://www.youtube.com/watch?v=ksdAs4LBRq8,5855cac387ce83ceae44998cf9bc89ea090bf68e240574ad7292290578457314,Rita Ora - Anywhere [Official Video],2017 
20 ,Can't Take My Eyes off You,Frankie Valli,https://www.youtube.com/watch?v=J36z7AnhvOM,22dd10f617f107a6bd00cf8f1d742c82d19ebf96652f998c7f128af03612acd3,Frankie Valli - Can't Take My Eyes Off You (Official Audio),1967 
21 ,High Hopes,Panic! At The Disco,https://www.youtube.com/watch?v=IPXIgEAGe4U,79da9356a5cabf8821b17ae744d8819268bc46f12896808226f3ec74bdff6a55,Panic! At The Disco - High Hopes (Official Video),2018 
22 ,Love Me Like You Do - From Fifty Shades Of Grey,Ellie Goulding,https://www.youtube.com/watch?v=AJtDXIazrMo,7dc694b13ffe2712c66ea15a26ee2a2129b0c521a9e52b9c6fe4ed7ed2b37d5c,Ellie Goulding - Love Me Like You Do (Official Video),2015 
23 ,Sugar Sugar,The Archies,https://www.youtube.com/watch?v=u1gX66TOu8k,3f450dc75d3b0491c2f86d794c225f58e4ad89f24356f019716e391f25ce9741,"The Archies - Sugar, Sugar (1969) 4K",1969 
24 ,I Follow Rivers,Triggerfinger,https://www.youtube.com/watch?v=vYAejDztNhk,2d9a72523bbf0febd4a49b48faf5de4b4f15ba13e2d27efa55f739ae86ef5a73,Triggerfinger - I Follow Rivers (Radio Edit),2010 
25 ,Mr Boombastic,Shaggy,https://www.youtube.com/watch?v=iNwSpoXnvWM,280b5243c44f667e8c9e68e4593a2bc836a3e9fd856ba7579285545d3f24ce7a,Shaggy - Mr. Boombastic (Original) [HD],1990
26 ,Because You Loved Me,Celine Dion,https://www.youtube.com/watch?v=fpl4if07ics,b8a1b24756ab73fa305a98b328a3521f91ef96be31287fe60016dc30f7a76930,"C√©line Dion - Because You Loved Me (Theme from ""Up Close and Personal"")(Audio)",1999 
27 ,Whatever It Takes,Imagine Dragons,https://www.youtube.com/watch?v=M66U_DuMCS8,4b1c4ca45476f30653ba1910b8657b077b9d63b61faed76cd35122b0eda22bb1,Imagine Dragons - Whatever It Takes (Lyrics / Lyric Video),2017 
28 ,Take on Me,a-ha,https://www.youtube.com/watch?v=djV11Xbc914,603e92df34d63bb3f7bddb4530c94b7fc1202af97ca1380c8430efb46a9f5116,a-ha - Take On Me (Official Video) [Remastered in 4K],1985 
29 ,I Believe,Joana Zimmer,https://www.youtube.com/watch?v=5UUGt2p_hwY,bd2cda7b716db927bac4f1ca2bc17bd795106cf65d94b4b42f54b3a8a3f4d37f,Joana Zimmer - I Believe,2005 
30 ,Hadschi Halef Omar,Dschinghis Khan,https://www.youtube.com/watch?v=0IabQdPqb1c,de3598df2fe06059c32ea32598667db3a81f7dec422a2b1b1f8a132555269f1f,Dschinghis Khan - Hadschi Halef Omar,1993 
31 ,My Life Would Suck Without You,Kelly Clarkson,https://www.youtube.com/watch?v=cRM70Jw7F4M,52e5cdab1e3893ff62bb72ce3daaeb65bfddc6a2ee6ce5f227711a20e73fae60,Kelly Clarkson - My Life Would Suck Without You,2009 
32 ,I Can See Clearly Now,Johnny Nash,https://www.youtube.com/watch?v=b0cAWgTPiwM,c40291dce7f4f8c395ab41c32dfbe1f2c620990e4adc130611415ea46c20208a,Johnny Nash - I Can See Clearly Now (Official Audio),1972 
33 ,Words,F.R. David,https://www.youtube.com/watch?v=nwrqQ2jYpwY,ed6d2c79464cc461558c121b8bdae2aea366bd480859648638aba9aa9eaa89dc,Words (Original Version 1983),1983 
34 ,You're The Greatest Lover,Luv,https://www.youtube.com/watch?v=WQKR4YTKIis,f07369a8adb19cac86aaa7c4402ca1100781127fe0812e9143e2df295339f52a,Luv' - You're The Greatest Lover,1998 
35 ,I Only Wanna Be with You,Bay City Rollers,https://www.youtube.com/watch?v=wTADOT31rnQ,f7905f8ba191e620f7b67fb71e358525bb441265c5f549c94396cd3214e61ec2,I Only Wanna Be with You,1976 
36 ,Uptown Girl,Billy Joel,https://www.youtube.com/watch?v=o-0Oect0nVQ,6f7b67ecf25a3d2c5bdbad5b409e65e46e14f1d3fffd45ca329777ee198241c8,Billy Joel - Uptown Girl (Audio),2001 
37 ,Step by Step,New Kids On The Block,https://www.youtube.com/watch?v=ay6GjmiJTPM,3541fe56202faf024e72ea3e115792b37863a9c77b1189602ad34d9c2732384b,New Kids On The Block - Step By Step,1990 
38 ,Flashdance...What a Feeling,Irene Cara,https://www.youtube.com/watch?v=miax0Jpe5mA,f5c06579345ce311bae0326441b4beb2c0ff0833b4372577b97dada39cb1eafd,Flashdance ‚Ä¢ What a Feeling ‚Ä¢ Irene Cara,1983 
39 ,Solang man Tr√§ume noch leben kann,M√ºnchener Freiheit,https://www.youtube.com/watch?v=segRjNr4Mf0,c56f18aaa743d6e9c2a19036c806648587ba3f44035fdde1a0641a81e6485c5b,M√ºnchener Freiheit - So lang' man Traeume noch leben kann (Official Video),1991 
40 ,Bad Habits,Ed Sheeran,https://www.youtube.com/watch?v=Bms39BUQBFw,76d22539d939804835a0577ed94efb3652305f30c5816424db9a6234c83d7648,Ed Sheeran - Bad Habits [Official Lyric Video],2021 
41 ,Indianer,Pur,https://www.youtube.com/watch?v=_WfxKi2o8_A,965fe535f9ca7f82b10f8436d2791fb131bc9481936049b901a22cfd2da4769c,Indianer,2015 
42 ,It Must Have Been Love,Roxette,https://www.youtube.com/watch?v=k2C5TjS2sh4,51afce2b1c06a2b7c0a25884a729db9830f02b126b46fd6d508add2710e443c8,Roxette - It Must Have Been Love (Official Music Video),1990 
43 ,Nessaja,Peter Maffay,https://www.youtube.com/watch?v=mGKkMeVHt_0,775d98e0eeac11a1db1bbe391b75cdd78857c6c21ff4a29fd972d1a0133e3abb,Peter Maffay - Tabaluga oder die Reise zur Vernunft - Nessaja,1983 
44 ,I'm Outta Love,Anastacia,https://www.youtube.com/watch?v=TnOy6HEf7HU,858c23f5068137185d5756d520138e7869f602e7aeb8d527c46769d6bdc63b19,Anastacia - I'm Outta Love (PCM Stereo),1999 
45 ,Walk On the Wild Side,Lou Reed,https://www.youtube.com/watch?v=oG6fayQBm9w,f71128137aa6fe0483964046ce3694956a95808c7579103f2462ed82da2dc8c3,Lou Reed - Walk on the Wild Side (Official Audio),1972 
46 ,Ruby,Kaiser Chiefs,https://www.youtube.com/watch?v=qObzgUfCl28,71436960020f89b97a3f55a75c4cebb3bf6b897e02ab74f40db29848acb3cd86,Kaiser Chiefs - Ruby (Official Video),2007 
47 ,Love Is In The Air,John Paul Young,https://www.youtube.com/watch?v=NNC0kIzM1Fo,78dad3c104343ab157d07d58df5a2e9f4259194331305a46259b4289824af5d5,John Paul Young - Love Is In The Air (1978),1989 
48 ,Bring It All Back,S Club,https://www.youtube.com/watch?v=GLQ0biK-ZgA,8a862149adfbe39a27a1f851b198fa27d50f97537d94fdd5a070ecad2d496c06,S Club - Bring It All Back,1999 
49 ,Gonna Make You Sweat,C & C Music Factory,https://www.youtube.com/watch?v=LaTGrV58wec,d48a6e9bd3d4f5423ab3a547d12f2292fb3d67bd35ee4ee25d1c4d839716f398,Gonna Make You Sweat (Everybody Dance Now) (Official HD Video),1990 
50 ,Don't Stop The Music,Rihanna,https://www.youtube.com/watch?v=OfWIGJpOih8,db15e40523b7db717734f5e7b2c6dc5097fcd6aa77850125bda7d4bef4e35f55,Rihanna - Don't Stop The Music (Lyrics),2008 
51 ,It's Now or Never,Elvis Presley,https://www.youtube.com/watch?v=Uwelrtb8Oho,185b54c2ca9ac5e3ea886de47d991c824e76bd7c6551870661d87cb0c4dfc38f,Elvis Presley - It's Now or Never (Official Audio),2002 
52 ,Kings & Queens,Ava Max,https://www.youtube.com/watch?v=jH1RNk8954Q,86ffc1e627f228de25d441fdd43b1bb506602d5869891f3e1db7750d77d79825,Ava Max - Kings & Queens [Official Music Video],2020 
53 ,New Age,Marlon Roudette,https://www.youtube.com/watch?v=X5K6Drs2mXU,7d37e1f3332797106e5b810f13fcb45b5a30e503571ccc22d60ed838aacca5d2,Marlon Roudette - New Age [Official Video],2012 
54 ,Tainted Love,Soft Cell,https://www.youtube.com/watch?v=XZVpR3Pk-r8,becbf5050f2e827460dcf69e5b6c0ca4ab8986f4ee70d40ffd1183b13cda3a62,Soft Cell - Tainted Love (Official Music Video),1981 
55 ,Marie der letzte Tanz ist nur f√ºr dich,Rex Gildo,https://www.youtube.com/watch?v=zidX45Qgs2g,e68746374f94defbc6bd1f7af47fd6ad0388a00c68d937ac7bf4a52212069b98,Rex Gildo - Marie Der Letzte Tanz Ist Nur Fur Dich,1974 
56 ,Say It Right,Nelly Furtado,https://www.youtube.com/watch?v=w4SwtMaAYak,f11fafa0f8ccbf20ef9c8139c327687629c9ae35d9d1bb856eb4492bbe1e9865,Nelly Furtado - Say It Right (Lyrics),2006 
57 ,Back for Good,Take That,https://www.youtube.com/watch?v=N2ICtCO8TCw,92fa212fba71ce8181419ca40ca0c5c9f9405aac25abe25f95b711daeb014fd5,Take That - Back for Good (Official Video),1995 
58 ,Shake It Off,Taylor Swift,https://www.youtube.com/watch?v=nfWlot6h_JM,257b398604d6195f01db10513216df89f6ab6dd1bbc8c0b4a078f269372d11bd,Taylor Swift - Shake It Off,2014 
59 ,How Will I Know (Who You Are),Jessica Folcker,https://www.youtube.com/watch?v=5sJ4oxGDqzQ,cf427acab355d70a5f22c3a39a6426577dbbf1a576995033da95f640374fdeba,How Will I Know (Who You Are),1998 
60 ,Marvin Gaye (feat. Meghan Trainor),Charlie Puth Meghan Trainor,https://www.youtube.com/watch?v=4hC0jy2HtZ4,33a5615658d4a1270470bc76b7920d0a2856ab243fb06318c5524afbb3b7cfb3,Charlie Puth: Marvin Gaye ( Audio ),2016 
61 ,Hotel California - 2013 Remaster,Eagles,https://www.youtube.com/watch?v=BciS5krYL80,aef08fbc03eb9fd6757402c8b0aea669776b5a4838a09d91f9a1956b1e6d8e84,Hotel California (2013 Remaster),1976 
62 ,Komm gib mir deine Hand,Tony Marshall,https://www.youtube.com/watch?v=If40-PyRyxA,96a466eebb3df8b349e8eb103948c9d032d0468e20ffed456d2ceb3ac4fd71e7,Komm gib mir deine Hand,2021 
63 ,Schickeria,Spider Murphy Gang,https://www.youtube.com/watch?v=trACvDCJCyA,4ecd80a4f591f66fa1743329006494c091e84dc0f5ff25434c1c273fef7516ad,Schickeria (Remastered 2007),1981 
64 ,Ja ja die Katja die hat ja,Heino,https://www.youtube.com/watch?v=DJnaeEZS3go,40cd4c591199ceaeb35b26b25b938ef4af3d0b4238ac88e5c51e97f84ea051d1,"Ja, ja, die Katja, die hat ja",2013 
65 ,Als w√§r's das erste Mal,Unheilig,https://www.youtube.com/watch?v=HPzDDMh4BNo,08194312f371b13679790288fdf8bc450e50305cbbe8d47a1f7fb711f6a53aa4,Unheilig - Als w√§r's das erste Mal (Official Video),2014 
66 ,Amazing,INNA,https://www.youtube.com/watch?v=gKHe12T6GMY,5aa1bd4b6cebe9132b9e736bcd9e9ea0a857cfcac3733e4777bbe7f9f921cea0,INNA - Amazing (Official Video),2010 
67 ,Bye Bye Bye,NSYNC,https://www.youtube.com/watch?v=C27NShgTQE4,e06fde0a1eb9ceda207c4c4009a71465976a36ca552c2f790b03447ac24d002b,*NSYNC - Bye Bye Bye (Official Audio),2000 
68 ,Baby Baby,Amy Grant,https://www.youtube.com/watch?v=vMXuuYnoRdI,b59c8e66136fdeead01bd891a02b305a340715723dbb47db4e1f8a8ec86175d4,"Amy Grant - Baby, Baby",1991 
69 ,Sexbomb,Tom Jones Mousse T,https://www.youtube.com/watch?v=WZ32gSLNHfA,ae7c072748ece78044890fab28bb2e1729e3d55ff6fe59233ba9853a07cbd2dd,Tom Jones & Mousse T  - Sexbomb (Official Music Video),1999 
70 ,Up Where We Belong,Joe Cocker Jennifer Warnes,https://www.youtube.com/watch?v=bjrOcrisGyI,ec9979dad7e4e985089c6b26b5ffb981ed4c77c6fac1659e364b0af1969c7e17,Up Where We Belong : Joe Cocker & Jennifer Warnes,2003 
71 ,Domino,Jessie J,https://www.youtube.com/watch?v=UJtB55MaoD0,c26cdfa3429fc1eb06d03dbdece36c74f4808189be42cc8f379330dc49c2b460,Jessie J - Domino (Official Video),2011 
72 ,Hold My Hand,Lady Gaga,https://www.youtube.com/watch?v=O2CIAKVTOrc,bd5bd0753859e54aabe6f33dd04f832734af12718a2471fd24df79877cf9bb76,Lady Gaga - Hold My Hand (From ‚ÄúTop Gun: Maverick‚Äù) [Official Music Video],2022 
73 ,It's Raining Men,The Weather Girls,https://www.youtube.com/watch?v=R3m6-U89Fxs,22a1a0a066b54c0adaf14d04bb4b3645b6b49c315197cfd77829091b1ed8ecff,The Weather Girls - It's Raining Men (Lyrics),1996 
74 ,Mit 17 hat man noch Tr√§ume,Peggy March,https://www.youtube.com/watch?v=VmR0DapFn6U,a9270c7905dffcc8fd06fbcb217979aedfdd737da31c501cf9ee0389b6495e6b,Mit 17 hat man noch Tr√§ume,2023 
75 ,Sommernacht in Rom,G.G. Anderson,https://www.youtube.com/watch?v=qJiJ1NuV7ok,ba6303422dddb7b81453c24c1f6cbbb4afa1c92d9419eeca80ab6a2f1e923e51,G.G.Anderson - Sommernacht In Rom,1993 
76 ,Itsy Bitsy Teenie Weenie Yellow Polka Dot Bikini,Brian Hyland,https://www.youtube.com/watch?v=ICkWjdQuK7Q,d214787da324bacf083d63dae0def71fbc5aa56314366ba55c0d0d205fe97044,Brian Hyland - Itsy Bitsy Teenie Weenie Yellow Polka Dot Bikini,1961 
77 ,Post Malone (feat. RANI),Sam Feldt,https://www.youtube.com/watch?v=TewoJFN61mI,1b9b42f8822a052f98a32713a790bd5662f48beafe3a2343a97327fb2a6ce0ee,Sam Feldt - Post Malone (feat. RANI) [Official Music Video],2019 
78 ,N√§chstes Mal am Ende der Welt,Valerie¬¥s Garten,https://www.youtube.com/watch?v=wmRqLQAnwJ8,d249a7f57d1fd8c599691bb1df97d065e1e01b900a509534ef859ed783869ae1,N√§chstes Mal am Ende der Welt,1992 
79 ,More Than This,Roxy Music,https://www.youtube.com/watch?v=kOnde5c7OG8,2720c427a5bbc5971c34562cae8b5ba8cbc9854bf3ca4adbf91d3fe8381f1d93,Roxy Music - More Than This,1982 
80 ,Come On Eileen,Dexys Midnight Runners,https://www.youtube.com/watch?v=6BODDyZRF6A,16e3975ea80b1e0fb6a7c9a8382c8eae7370d9041c7030e26da20f833d07ef34,"Dexys Midnight Runners, Kevin Rowland - Come On Eileen (1982 Version)",1982 
81 ,Heaven Must Be Missing An Angel - Pt. 1,Tavares,https://www.youtube.com/watch?v=76jauBrP2Q8,1406d32bb66abb277cbd91e84fae4e3ef54172bc94edaccb5aee5df301c4fb01,Heaven Must Be Missing An Angel (Pt. 1),1976 
82 ,I Don't Feel Like Dancin,Scissor Sisters,https://www.youtube.com/watch?v=4H5I6y1Qvz0,99c90ca2e8037f1356e2d4875efe9f6fda81a3df3896825060f5a059f126e43f,Scissor Sisters - I Don't Feel Like Dancin',2006 
83 ,Let's Twist Again,Chubby Checker,https://www.youtube.com/watch?v=KxQZQ86jJHg,52f9a7f2510265361636b82bcf6d0f42ae97e50e0af4ac097375d4988c78a69b,Let's Twist Again - Chubby Checker,1961 
84 ,Bambol√©o,Gipsy Kings,https://www.youtube.com/watch?v=NhGAQ6fjJxo,597b3b8a7cfc87f641b2fabf3b0cd181299fdb34adf6f0d2691e7bce93a1f1ca,Gipsy Kings - Bambol√©o (Audio),1987 
85 ,Herzbeben,Helene Fischer,https://www.youtube.com/watch?v=8ySJJMu8ReY,5f6f25b9db2eac6779768c129205611c0aa67ef6b27ac01ca4d3d04efe3d9f48,Herzbeben,2017 
86 ,I Kissed A Girl,Katy Perry,https://www.youtube.com/watch?v=Qbl1VuGbnHg,a43ab9b6b131371f1fac112dcb18d99e109f32247ea49ae8cb1ad9e91fdc1173,Katy Perry - I Kissed A Girl [HQ],2008 
87 ,Ironic,Alanis Morissette,https://www.youtube.com/watch?v=H4bIXVTsJck,edbbf31f6637a555323e85ce5cf29c1e7df959471f38ac612020b712ef39ae93,Ironic,1995 
88 ,Mercy,Shawn Mendes,https://www.youtube.com/watch?v=TZhuCTXjGHY,1d1f1120cf07d7624f56a4c43038051453a25cd34dfa72dff34ebedfd56fe4d1,Shawn Mendes - Mercy (Lyrics),2017 
89 ,Flying,Nice Little Penguins,https://www.youtube.com/watch?v=iSqguQk55CI,dadb103ca46254b086725a0b13806600dc79cc9a95017bb86e83d38398902008,Flying,1994 
90 ,It's My Party,Lesley Gore,https://www.youtube.com/watch?v=mIsnIt1p978,8d48620c42217bbe6c08465babd79c2d1ebed26d9dd7bc90dd878ab9fbb5c6a7,Lesley Gore - It's my party,1963 
91 ,To All the Girls I've Loved Before,Julio Iglesias,https://www.youtube.com/watch?v=7As9e3uLpV4,60e5daa1ced99f4ebeba49de9ce2f2a12330a7351db8aac5f03ea8cf7bb40492,Julio Iglesias - To All the Girls I've Loved Before (Official Audio),1984 
92 ,Dann k√ºss mich doch,Nicole,https://www.youtube.com/watch?v=STIi47fPnyI,faf1972b938650b089bad18664cc8a1b75f73ba329c59d0cbfa86175e507bd3a,Dann k√ºss mich doch,1992 
93 ,Heaven Is A Place On Earth,Belinda Carlisle,https://www.youtube.com/watch?v=j2F4INQFjEI,2c64e9bd1ab67c2f52a5e1f7a6c39f885c441efb8c0a63bdfa44e2787aba2339,Belinda Carlisle - Heaven Is A Place On Earth (Official HD Music Video),1987 
94 ,All By Myself,Eric Carmen,https://www.youtube.com/watch?v=iN9CjAfo5n0,d27273d21fc428f6836439c5266e9b64e7d878c1063b46732becf84e02c15093,Eric Carmen - All by Myself (Audio),1975 
95 ,I Love Your Smile,Shanice,https://www.youtube.com/watch?v=ysYyCElzB0A,77d4d9700b7158bcf73710e4fa7c54abb5a99d093eb8eb135fc7a481399b53d5,Shanice - I Love Your Smile,1991 
96 ,Summer Son,Texas,https://www.youtube.com/watch?v=7uIFISklvXY,7f2a343d9e070eb4cb8b1e339acf0896d464506ba73e20df8297c1e58f1ccbc3,Texas - Summer Son (Official Video),1999 
97 ,7 Seconds (feat. Neneh Cherry),Youssou N'Dour Neneh Cherry,https://www.youtube.com/watch?v=GbfBML1LHfs,bada51bd080484369fafb13b0b11ca276a4e24525c5a776a53767555be681e28,"Youssou N'Dour & Neneh Cherry - 7 Seconds ft. (Official Video), Full HD (AI Remastered and Upscaled)",1994 
98 ,Perfect Strangers,Jonas Blue JP Cooper,https://www.youtube.com/watch?v=Ey_hgKCCYU4,3a453fc9adce8663548fe0e58bdde3245833398af280b6da309b56aac62e4a7f,Jonas Blue - Perfect Strangers ft. JP Cooper,2018 
99 ,Rescue Me,Bell Book & Candle,https://www.youtube.com/watch?v=92rbex84o8A,0eb32cd198b3b9665a39ac9984fc62e3fe78507a9882f50e65fd35ef3cf0d3f2,Bell Book & Candle - Rescue me (Radio Edit),2000 
100 ,Ein Festival der Liebe,J√ºrgen Marcus,https://www.youtube.com/watch?v=OCgA2s87tu4,4cadb7e1febff59021460f9e50f2279fb849332b4ec46cbbd98b20c958dcaf89,Ein Festival der Liebe,2008 
101 ,TiK ToK,Kesha,https://www.youtube.com/watch?v=OF04pKp-r9o,9b4ebd0f536f353094f8110e8efc182dcb89a6ba4a108f2665ac40f1c5667cfc,Kesha - TiK ToK (Lyrics),2010 
102 ,Livin' On A Prayer,Bon Jovi,https://www.youtube.com/watch?v=lDK9QqIzhwk,6a82e41cafdb4ac32fd7635c333b58711a1c9bbe15d20bf744feda4fd7ab2f0a,Bon Jovi - Livin' On A Prayer,1986 
103 ,Symphonie,Silbermond,https://www.youtube.com/watch?v=8bNHTgVhdYM,33d775ab35de153b0fedea90fef47634c4ee29b43cb5605e40965fbd2801a066,Symphonie,2004 
104 ,Weather With You,Crowded House,https://www.youtube.com/watch?v=ag8XcMG1EX4,b17fd0da8e5e41cc8366f6a71cfd7e023d09798a1e966bb40dbf5fa97a8ba8b3,Crowded House - Weather With You,1991 
105 ,Downtown,Petula Clark,https://www.youtube.com/watch?v=z_m4Qb0iW-o,41ed5e7ec922aafe38ba509caab8143a62c59b2aebb33f8d54d9b42a816d73ba,Petula Clark ~ Downtown (1964),2003 
106 ,Felicit√†,Al Bano And Romina Power,https://www.youtube.com/watch?v=YWu4Uz2sqlw,c7285b0c01cc40c7080330714d393ba0ecf410616847421425e1365a7c6fffa4,"Al Bano, Romina Power - Felicit√† (High-Quality Audio)",1982 
107 ,Ich bin nicht mehr dein Clown,Olaf Henning,https://www.youtube.com/watch?v=uFjWa1qGe0w,0aef147e9a6d417e8ee7a0dfd7c623db89ddc09b16267c5edab19217b56ccc8b,Olaf Henning- Ich bin nicht mehr dein Clown,2005 
108 ,9 to 5,Dolly Parton,https://www.youtube.com/watch?v=UbxUSsFXYo4,571ae918dbd7194b46ac4daeef9deb6c8c07f842f22071b6cac34a120f07dbb6,Dolly Parton - 9 To 5,1980 
109 ,Don't Worry Be Happy,Bobby McFerrin,https://www.youtube.com/watch?v=68vZX2uUKKA,1413763997f06fb2535fa87c4d85d8c51ff311ec30b7a9cabb25994ebb39a39a,Bobby McFerrin - Don't Worry Be Happy (Lyrics),1997 
110 ,"I Can't Help Myself (Sugar Pie, Honey Bunch)",Four Tops,https://www.youtube.com/watch?v=4ZShJG5N050,fcd29bb5c031e353bf72363372a546f15ddbb1b562823453a48825e9d29c147e,"I Can't Help Myself (Sugar Pie, Honey Bunch)",1965 
111 ,Joy To The World,Three Dog Night,https://www.youtube.com/watch?v=EVcpKjXYa5c,8301332818f07fc5808155e388effa1a412bb48c7bf5af1bf4348ad74475a706,Joy To The World,1970 
112 ,Made You Look,Meghan Trainor,https://www.youtube.com/watch?v=xHTRpQi1GSc,61d59960b0b113a2214d63ec2377146ef7fd94abf18caef50b94655c1f69de86,Meghan Trainor - Made You Look (Lyrics),2022 
113 ,Keeping Your Head Up,Birdy,https://www.youtube.com/watch?v=m8AXUq5uA0Y,4cb1be55f441dd2010278f24caa78d6629f2cceee58b8c2c1109d4dec591ff04,Birdy - Keeping Your Head Up (Official Music Video),2016 
114 ,Liebeskummer Lohnt Sich Nicht,Siw Malmkvist,https://www.youtube.com/watch?v=ju2fedOZw_U,9f064b36b46cb9e59fe9018e9f698f969922075bfb49c1c192fea638985042bb,Siw Malmquist - Liebeskummer lohnt sich nicht 1964,1983 
115 ,Levitating,Dua Lipa,https://www.youtube.com/watch?v=WHuBW3qKm9g,d4913e72231e87ecc03db00fd9fef4a756f6e34f6c62d25fc63a447b3a31c053,Dua Lipa - Levitating (Official Lyrics Video),2020 
116 ,Bei√ü nicht gleich in jeden Apfel,Wencke Myhre,https://www.youtube.com/watch?v=jUWTXq_mMjU,e1a7e4ef3948f7b2ab25471b95ffbcba49b3e15e60f6ff85fb170240ba815a59,Bei√ü nicht gleich in jeden Apfel,1999 
117 ,Ein Stern,DJ √ñtzi Nik P,https://www.youtube.com/watch?v=_JHURvbOAIw,dde7b42438620692dfb66c03238e97cc2c1b8d500b4b5da8c335c5a0b74ac26c,Ein Stern (der deinen Namen tr√§gt),2007 
118 ,Just the Way You Are,Bruno Mars,https://www.youtube.com/watch?v=u7XjPmN-tHw,f287898eb707bb169583dfb3eaeff9cfc252ad29c5fbc8bf9905a5733bbc9443,Bruno Mars - Just The Way You Are (Lyrics),2010 
119 ,The Joker,Steve Miller Band,https://www.youtube.com/watch?v=q3mfENm6VJc,7ea81465ea1c697f8b29b7db65b9524adfcf2c6a454c3fb10319d444eddbd465,The Joker,1973 
120 ,Amarillo,Tony Christie,https://www.youtube.com/watch?v=kyohWo3aZvw,61cec614fd302e969042288ca60c3504b5dfbfe53ff661e6a094324bf4427f3c,[Is This The Way To] Amarillo,1972 
121 ,Book Of Love (feat. Polina),Felix Jaehn,https://www.youtube.com/watch?v=dr7-i9CgBmc,7cd0499171773055ae52e01866f0be8ed0e30a14856c684a3a81da696bb7cb7b,Felix Jaehn - Book of Love (ft. Polina) [Official Single],2018 
122 ,"K√ºss mich, Halt mich, Lieb mich",Ella Endlich,https://www.youtube.com/watch?v=RiJcWJE_o5o,8d9d48cd2ebdaf908c4afab25ecb0554abdc19a84a21ad322f673dd30fac3f93,"Ella Endlich - K√ºss mich, Halt mich (Drei Haseln√ºsse f√ºr Aschenbr√∂del)",2012 
123 ,Mamma Mia,ABBA,https://www.youtube.com/watch?v=U4Sm7v6PDY8,f4d3ea19b0a09383585d240e7b4ea6902544e3a634999578de3df679fa61cd4e,ABBA - Mamma Mia (Official Lyric Video),1975 
124 ,Girl on Fire,Alicia Keys,https://www.youtube.com/watch?v=p4KYRuo1C-o,18131c23ee20849b3ff714bb94a8c3140bc8b8de4eb39c45eeb79926b2636de7,Alicia Keys - Girl on Fire (Lyrics),2012 
125 ,Light My Fire,The Doors,https://www.youtube.com/watch?v=mbj1RFaoyLk,e85fe290437a975d170fff8be71d9da6d0a80683304cea816fedd5cf091a4130,The Doors - Light My Fire,1967 
126 ,Blueprint,Rainbirds,https://www.youtube.com/watch?v=DMVeh6lO2yo,1b12394e3f6eb51f12da8f24f1365a0f36e7bbfefc9730757ab2d7bb6b26d2de,Blueprint,1987 
127 ,Deutschland,Die Prinzen,https://www.youtube.com/watch?v=7T4vEiPeagM,ef8177fcd9e620d2593bb96feeeae49f42be2220a0d2185012913d444344df17,Deutschland,2001 
128 ,Don't Go Breaking My Heart,Elton John Kiki Dee,https://www.youtube.com/watch?v=DH7kBuZ5GZk,7a0b3883fa57b6f2e91ecbbb6d378d83bd31fe8c9af7f1b3af4366ae7268edfb,Don't Go Breaking My Heart (Remastered),1975 
129 ,Wer Liebe lebt,Michelle,https://www.youtube.com/watch?v=HF_nIjQOIaU,58e738383aaf6ceec478472faad76cc7dab1c245e561a54f774deccc3467ae7b,Wer Liebe lebt,2001 
130 ,We'll Be Together,Sandra,https://www.youtube.com/watch?v=_rx2CrjoKZI,a837a364a485a3394109b28dc93c8ee90a893e47cbc2c44c66ad648971dc3ad6,We'll Be Together,2016 
131 ,We Built This City,Starship,https://www.youtube.com/watch?v=IDI2WQJyE7I,ac71c48acf4e59b7817463318586ecea8aab8cda2f2116f8385153ed7e4c8aa2,Starship - We Built This City (Official Music Video),1985 
132 ,Chasing Cars,Snow Patrol,https://www.youtube.com/watch?v=GemKqzILV4w,1529b8f1e03479c9ad605d9d286b41f0290e0eacb54924d7e8461aecf9c3bef6,Snow Patrol - Chasing Cars (Official Video),2006 
133 ,First Day of My Life,Melanie C,https://www.youtube.com/watch?v=W9n5AkJU-so,08ceca1208a2af8fd06e9097bb330fbce586af077bdd7103201c2fa41b43f02e,Melanie C - First Day Of My Life (Music Video) (HQ),2005 
134 ,Losing My Religion,R.E.M.,https://www.youtube.com/watch?v=OKvCV8MFIaw,a715833712debd165fbfeae82ba9503b09be22f5b928e34515e3d06c8631acf6,R.E.M. - Losing My Religion Lyrics,1991 
135 ,Go West,Pet Shop Boys,https://www.youtube.com/watch?v=LNBjMRvOB5M,80b85e22a7174fb800003400fdab84f810c02ab185da17231a598af188489c25,Pet Shop Boys - Go West (Official Video) [HD REMASTERED],2020 
136 ,Everybody,Backstreet Boys,https://www.youtube.com/watch?v=e-syzbglE6g,cbc7a4b75ffa29b129c5d8fd1c30156e20610f03ce8f9d88f46f6f15c179af56,Backstreet Boys - Everybody (Backstreet's Back) (Lyrics),1997 
137 ,Flugzeuge im Bauch,Herbert Gr√∂nemeyer,https://www.youtube.com/watch?v=0CzNP8nLo8g,e9a72dad87f2b22cf37b8d2c07eedae90e518044a9147fbcfe4d1163a37eb310,Flugzeuge im Bauch (Remastered 2016),2008 
138 ,I Ain't Worried,OneRepublic,https://www.youtube.com/watch?v=42oK5vjD2UU,f2bedecc660a9051bedd64fe8588118bdf45f5d659cf8a0e86109edf336c5c50,OneRepublic - I Ain't Worried (Lyrics),2022 
139 ,Everybody's Free (To Feel Good),Rozalla,https://www.youtube.com/watch?v=95_dAQHui94,74c07a2fe8c63104aeb49981d641241c7066ca00aa88b126fb78f4d9629d8e23,Rozalla - Everybody's Free (To Feel Good) [Official HD Music Video],2000 
140 ,Brother Louie,Modern Talking,https://www.youtube.com/watch?v=SSkDfGa9Bnw,9f098ab256e7e07e7248b97803c62940400a63c851e5c969016406e38c386066,Brother Louie (Remastered),1986 
141 ,Can't Get You out of My Head,Kylie Minogue,https://www.youtube.com/watch?v=c18441Eh_WE,04037b60ecd2589a26982b2606935dbb85fbf00820cb6ae595679fb30eb310b7,Kylie Minogue - Can't Get You Out Of My Head (Official Video),2001 
142 ,Wenn das Liebe ist,GLASHAUS Moses Pelham,https://www.youtube.com/watch?v=QH0Kf-7aZlw,88cd165be11ac29ec822e362c484666d9a623c958e3ec2bc3c9ef9ded97fa967,Wenn das Liebe ist (Director's Cut),2006 
143 ,Radio,The Corrs,https://www.youtube.com/watch?v=js-Wg53U-3k,058fcd54575408e08a6ee7874d71c901cfcb1b281381e3f21834d6c682c75faf,Radio,1999 
144 ,Hit the Road Jack,Ray Charles,https://www.youtube.com/watch?v=SrnWp5O0DEs,5a43bf41828333ecd2e3585fb34bcc3d0a3a2ec269813aa5f0b20790430b8491,Hit the Road Jack,2021 
145 ,She's Got That Light,Orange Blue,https://www.youtube.com/watch?v=HnZPif5CQ-w,cb83a6aa33c6da2b71c4a6a2c39ffa80dce48456b389010146b53e33db4ebbd4,ORANGE BLUE - She's Got That Light [Official Video],2000 
146 ,Zucker im Kaffee,Erik Silvester,https://www.youtube.com/watch?v=WU8Tt__LRnY,4276207c2800c0c29ff84e6c7ed9956c2131b034a728195ab8e16c080014f476,Erik Silvester - Zucker im Kaffee,2010 
147 ,Dancing In The Street,Martha Reeves & The Vandellas,https://www.youtube.com/watch?v=68Uv959QuCg,f64e0b34ff28b536afb8512075e9ba958d7fa09f36738b28ac3eff5434ec5131,MARTHA and THE VANDELLAS - Dancing In The Street (1964) (Remastered),1965 
148 ,As It Was,Harry Styles,https://www.youtube.com/watch?v=Qfm6nfz1QNQ,844ec8b6f264f64c8390bfab1790163b97f837c11760c88e25f3e65b047fcb75,Harry Styles - As It Was (Lyrics),2022 
149 ,(It Goes Like) Nanana,Peggy Gou,https://www.youtube.com/watch?v=KnBdf559ofQ,8419469dead14ac9fcc3ad195d3705805abe2d697e906eb80d8188ef9db8a0be,Peggy Gou - (It Goes Like) Nanana,2023 
150 ,Chandelier,Sia,https://www.youtube.com/watch?v=t98GDWrVoVM,49673a187a781f7ae41362bf8676e3f1059b142c0320f1c59b0bad80118da31c,Sia - Chandelier (Lyrics),2014 
151 ,Echame La Culpa,Luis Fonsi Demi Lovato,https://www.youtube.com/watch?v=sKJwRscRWr4,8382e889337c0dbdf94c51a88792c450ed7058b862802129aaa3e36d5b3061d0,"Luis Fonsi, Demi Lovato ‚Äí Echame La Culpa (Lyrics)",2019 
152 ,Complicated,Avril Lavigne,https://www.youtube.com/watch?v=5eGbnVlRcRg,827610f3b947aaf4c17a73041ae25a35e4ace46872931f3b838fd4936de86be7,Avril Lavigne - Complicated (Lyrics),2002 
153 ,Just More,Wonderwall,https://www.youtube.com/watch?v=qcuKd0Rog8I,aacf05b57f63a55ae0007c10df6bd5b0c7abfde15f64fff4d56bb2b4f3fbbca0,Just More (Single Edition),2002 
154 ,Pan,Costa Cordalis,https://www.youtube.com/watch?v=B4KM-KwFzmE,0994e67516350d3ef7538f2308e20685c35355272df4d1f7e30d0de141e63244,Costa Cordalis - Pan (deutsch gesungen),1992 
155 ,You Drive Me Crazy,Shakin' Stevens,https://www.youtube.com/watch?v=OFZH1ZqrRS0,ceb433c0f166faa1db23706ff3340c612c30f8662ffa439cfaef8c0e6cb99c32,Shakin' Stevens - You Drive Me Crazy (Official HD Video),1981 
156 ,Dynamite,BTS,https://www.youtube.com/watch?v=Mzk6KkyxXC8,bae7592edcbf1a02fa8c1e647881adfe581dff2a944973f01b8bde2ac264ef19,BTS - Dynamite (Lyrics),2020 
157 ,Out Of The Dark,Falco,https://www.youtube.com/watch?v=Xs-BMEw_cRY,6f291c1e2054ce8b9591f91761192df3fb8a3d328e08e124a89726860fdefb9d,Out Of The Dark (Remastered 2012),1998 
158 ,From a Distance,Bette Midler,https://www.youtube.com/watch?v=crSP0epi2y4,b1df39c6fff76e6006defde78d3573b46bd1140423f41282824be47982a0b439,From a Distance (2008 Remaster),1990 
159 ,Give A Little Bit,Supertramp,https://www.youtube.com/watch?v=0dJ30dREjaE,381179e509f7cb0f1b6a992a8a8018cb2f7fbcd9035beebcd9c24e37fad5264d,Give A Little Bit,1977 
160 ,That's the Way (I Like It),KC & The Sunshine Band,https://www.youtube.com/watch?v=2UB8P0UImzw,cb928f23a0ef5022c73feff81ba2ae76509fe877acaefd3df8620c0b7689f4a1,That's the Way (I Like It),1975 
161 ,Rivers of Babylon,Boney M,https://www.youtube.com/watch?v=eN3Fmpnoado,1a80ca8b9e8d76c7719f7cb9a65b6af9bc1afda268f2a831a10c70555ef8eb2e,Rivers of Babylon,1978 
162 ,Billie Jean,Michael Jackson,https://www.youtube.com/watch?v=DKFS2tDsZRY,7d1ca2a4cf95ae48ed1c61c230ddb0c2892897e8d3a69f44355cfaf34a9553d8,Michael Jackson - Billie Jean (Lyrics),2008 
163 ,La Bamba,Los Lobos,https://www.youtube.com/watch?v=oxPWVX-qSrQ,b8883e4d2986e719314e7d103c34c8c7bf19956e7895e7a0ac97900ef3bfbe43,Los Lobos & Gipsy Kings - La Bamba (With Lyrics),1987 
164 ,Ba-Ba Bank√ºberfall,EAV (Erste Allgemeine Verunsicherung),https://www.youtube.com/watch?v=a-mSrmyTjrs,729ac2270896a68cb1cbb0540c26cbed8236b9a62efc8138d85d9c14675e539d,Ba Ba bank√ºberfall Erste Allgemeine Verunsicherung,1985 
165 ,The Way to Your Heart,Soulsister,https://www.youtube.com/watch?v=-rzpX12fJy0,8217dca3acdfd0b3388c12edde7f940a83529f199ad6a13959e5063bd1bbf588,Soulsister - The Way to Your Heart (Official Audio),1997 
166 ,Song Sung Blue,Neil Diamond,https://www.youtube.com/watch?v=ighSddnnaPE,69bce667181c79811b7a8de43052a45f4601d8ff5c143294491f88d90f896ea3,Neil Diamond - Song Song Blue (Stereo!),2014 
167 ,Baby,Justin Bieber Ludacris,https://www.youtube.com/watch?v=j8n1pj8RfFs,ca65087cfc48b75a9d067eb1c22a6065f5174952020434d391e1873437ed326c,Justin Bieber - Baby ft. Ludacris,2010 
168 ,I'm Too Sexy,Right Said Fred,https://www.youtube.com/watch?v=hC_TDJGs1eY,12a07c566aeeb1e8c2b10883b4e9cd279191606afec63690df78eb1de75db6f2,Right said Fred - I'm too sexy [HD],1992 
169 ,Here I Go Again,Bnd,https://www.youtube.com/watch?v=Qlv3yFMFS4w,3b61c4af057c7eb2bf47602aa7daea3a37ab610b406d7f7465af68ae6aaec1ab,BND - Here I Go Again,2006 
170 ,Budapest,George Ezra,https://www.youtube.com/watch?v=4YCkAVokE84,a14d38273f8a9d05c9764386da74e295e35b80037d1ab7bd17b824e75fd9d74c,George Ezra - Budapest (Lyrics),2014 
171 ,Hello,Martin Solveig Dragonette,https://www.youtube.com/watch?v=WmH4iWoJfTo,6eab8cbc882a62dff1437e7a959706bc57162992caded9eafcf44b7435147762,Hello (Martin Solveig & Dragonette),2011 
172 ,Freiheit,Westernhagen,https://www.youtube.com/watch?v=0ohpSRdenhQ,df14bd7b17d92acb6cf6186d386ca5c6f09ace5d082cb95b4c925950ced407a2,Freiheit,1990 
173 ,Xanadu,Olivia Newton-John,https://www.youtube.com/watch?v=mX8Y_LUxIJo,b2b64a47afefc7ae14b7b7d97cfa16b204e7bb9d6671c2f69e1b5d3bcff2a2cf,Xanadu,1980 
174 ,Video Games,Lana Del Rey,https://www.youtube.com/watch?v=cE6wxDqdOV0,04017ffaab151ca44c9ab85f8ec250dcad38a0d9ff425fd32f0def9a9cbb326a,Lana Del Rey - Video Games,2012 
175 ,Kiss You All Over,Exile,https://www.youtube.com/watch?v=Wnzc5FlnFPw,9f7f97a5372bd6dac8c17a7bd39c993041cea669f5ded4fbc2ebcd7be10ea783,Exile - Kiss You All Over (1978) 4K,1978 
176 ,Im Wagen vor mir,Henry Valentino Uschi,https://www.youtube.com/watch?v=fjc3uwYCdmM,6e0d60b1ead54d436d14972e6a90f3ad7d35c4b1cf905bd01abb141b9dc0d2a9,"Henry Valentino - ""Im Wagen vor mir"" - das offizielle Video",2009 
177 ,We Are The People (feat. Bono & The Edge),Martin Garrix Bono The Edge,https://www.youtube.com/watch?v=kGT73GcwhCU,ecbbc85b8446055408b9fa550da2c38c1c0a162bef13fea477908ea21d81140e,Martin Garrix feat. Bono & The Edge - We Are The People [UEFA EURO 2020 Song] (Official Video),2021 
178 ,Baby One More Time,Britney Spears,https://www.youtube.com/watch?v=kAJz7c97Cyo,16b3eecac831b6e47ebf483b46cf135545a1045340def43aba369800b7a75255,Britney Spears - Baby One More Time (Lyrics),1999 
179 ,You're Beautiful,James Blunt,https://www.youtube.com/watch?v=M_q82PPHduI,3dcfa5263dc4521ea9521e5c5f1d81cde9a6747022b76a564acda0615c688869,James Blunt - You're Beautiful (Lyrics),2005 
180 ,Superheroes,The Script,https://www.youtube.com/watch?v=0y7ygEDRpSo,1932ff5f50d92fe0c7a6817e874ad4fa72c8d18fbed62e4f39f6af7afd5c5c89,The Script - Superheroes (Audio),2021 
181 ,We Are Young (feat. Janelle Monae),Janelle Monae,https://www.youtube.com/watch?v=eOqMC1Qr9ME,e26c7297ac00ebf6cab65bd453363670f71167aa8341433d1caa3ee4a6ad88c6,fun. - We Are Young (feat. Janelle Mon√°e) [Radio Edit],2012 
182 ,Jojo Action,Mr. President,https://www.youtube.com/watch?v=5aKXeGNUSJs,aee06ff1537160ea911262926b6af6049c887c4cb0bc1a802c4019808bb2db49,JoJo Action,1997 
183 ,Ayo Technology,Milow,https://www.youtube.com/watch?v=tLNY0FRJLdM,f4716e2b3538d403b11faebb213ecd5eb50657ae56a4e6008000d49970577c3a,Milow - Ayo Technology,2012 
184 ,Shut Up and Dance,WALK THE MOON,https://www.youtube.com/watch?v=_glQsoPesQo,131618241664d8b0efdcedd57cae5eec298d1c3cb011e8a9dde84665fd1032da,Walk The Moon - Shut Up And Dance (Lyrics),2014 
185 ,Achy Breaky Heart,Billy Ray Cyrus,https://www.youtube.com/watch?v=QOn24oRtJMQ,9379fd4939420fa1482c5d3c7ed5707d5b0c07a47a59a29d8eb83c0b67003ffd,Billy Ray Cyrus - Achy Breaky Heart | Lyrics,1992 
186 ,Ein Herz kann man nicht reparieren,Udo Lindenberg,https://www.youtube.com/watch?v=DZgTN-yjVyg,335f716b608068572375731265c5eef14d00e7284304e480005633b5c8d803df,Ein Herz kann man nicht reparieren,1991 
187 ,Bleeding Love,Leona Lewis,https://www.youtube.com/watch?v=3SttVoJ_8N8,093df9dd94f9acf8bccc02c4e1353d005e2d09e117ac8a2f312803dec993d6b1,Leona Lewis - Bleeding Love (Lyrics),2007 
188 ,Soak Up The Sun,Sheryl Crow,https://www.youtube.com/watch?v=Ji0NHUaoefU,8bf0929704f3c97a93c13e82ae67ac08f60092861e3c2001200bc13b7c778898,Sheryl Crow - Soak Up The Sun (Lyrics),2002 
189 ,Mandy,Barry Manilow,https://www.youtube.com/watch?v=5FOAd1mbtiM,c584dc1738f45392bd0fd2ccd5678aa3b7401a5c416080e57b00acf8ca40cd95,Mandy,1974 
190 ,Ich bin verliebt in die Liebe,Chris Roberts,https://www.youtube.com/watch?v=8SG_WIH_nXo,eea6828a52a41eef31f86f00f2ccdee3bc27cad4bf858ea77e4d866b9bf12632,Chris Roberts - Ich Bin Verliebt In Die Liebe,1971 
191 ,Un-Break My Heart,Toni Braxton,https://www.youtube.com/watch?v=JtBnAVrOrZM,cfe21a63fe1fa8940c10af0dfb78c95b308a59308ac7695ce9ec1e7ca589b9ca,Un-Break My Heart - Toni Braxton (Lyrics) üéµ,1996 
192 ,Die Da!?!,Die Fantastischen Vier,https://www.youtube.com/watch?v=VUosAGDM8Sg,bdb129fab18c89b91576f28eba5702648f78aaaa1d339d3d0e0b81cb6cbf313b,Die Fantastischen Vier - Die Da!?! (Offizielles Musikvideo),2009 
193 ,Story of My Life,One Direction,https://www.youtube.com/watch?v=R2HLAqsElO0,93b11e850018fcaf26727c202ee616db2d1f43ebc06b887efec0ef8fd39508a8,One Direction - Story of My Life (Lyrics),2013 
194 ,Rockabye,Clean Bandit Sean Paul Anne-Marie,https://www.youtube.com/watch?v=0GAwZ28OZpY,b9b914a42f6781f7f6018430c5fcd75e9fe29163adfdec2b1ecf003591ce2a33,Rockabye - Clean Bandit ft. Sean Paul & Anne-Marie (Lyrics/Vietsub),2018 
195 ,Hips Don't Lie (feat. Wyclef Jean),Shakira Wyclef Jean,https://www.youtube.com/watch?v=fNRXD393cfs,ea0be694a09293b697db9b09885301b6b1030b9c6152ceae36bf0e978dba2069,Shakira - Hips Don't Lie (Lyrics) ft. Wyclef Jean,2005 
196 ,Drive By,Train,https://www.youtube.com/watch?v=YCAxfhex0ww,026b2bb3df443fc5f393c4ea978bf952e80a46e26e2d8e9aeb61c1602382f22b,Drive By - Train (Lyrics) üéµ,2012 
197 ,Free Like the Wind,Alexander Klaws,https://www.youtube.com/watch?v=_XOkwxkg-ho,64e1d165615fbfbe522473e3199558b38c388bbae35f05eea3671a169d6e1b3f,Free Like The Wind,2004 
198 ,King,Years and Years,https://www.youtube.com/watch?v=nvH8Ary1TS0,d480cc432e9bcbc9e5523d4652b25a82071a3c561572e978c2a03b1e382e43c7,Years & Years - King (Lyrics),2015 
199 ,Verliebte Jungs,Purple Schulz,https://www.youtube.com/watch?v=6alEBnBGdOo,39b186bd2dad582d975aeac87a5b95a44da849cd65e71b46f385636af7ef5540,Verliebte Jungs,1985 
200 ,Monday Monday,The Mamas and The Papas,https://www.youtube.com/watch?v=36VGaN996UY,abdbffc2488bb5ec60289a5e4c93b84895fee72ad345632ad4c377453d7b5500,"Monday, Monday",1966 
201 ,Bronze Silber und Gold,Wolfgang Petry,https://www.youtube.com/watch?v=39_92IKkYbM,154ea312f2568473c9c334875794f3a8ee8c9813ae2605d0c18b78183a17e8c1,"Wolfgang Petry - Bronze, Silber und Gold",1995 
202 ,Walk Like an Egyptian,The Bangles,https://www.youtube.com/watch?v=cFGCu5hnLyA,3d70147f01d007fa8059675dd70c82f4d13c836baf93ae0c4be296b9983c6b7f,Walk Like an Egyptian,2004 
203 ,It Ain't Me (with Selena Gomez),Kygo Selena Gomez,https://www.youtube.com/watch?v=xZbWaHDA7Po,e0a47accff75c1520db436103885fed75aca9003edd8264ea1e61455f05c32ce,Kygo - It Ain't Me (Lyrics) (with Selena Gomez),2017 
204 ,I Promised Myself,Nick Kamen,https://www.youtube.com/watch?v=DO5TATMBwK0,4853bd84fe3dad924217d5bc4f3f08d1e344aa667d132598c348c64ce2b2ff0d,Nick Kamen - I Promised Myself,1990 
205 ,She's Like the Wind (feat. Wendy Fraser),Patrick Swayze Wendy Fraser,https://www.youtube.com/watch?v=KdcT3-kcwkk,ec4966ab0ec81b2b769d67ad237eac10aeb29620391e586ac3a45399c4ca957c,Patrick Swayze - She's Like The Wind ft  Wendy Fraser,1987 
206,"Ich Werde laecheln, wenn du gehst",Andrea Berg,https://www.youtube.com/watch?v=w5g93bIR2pA,faad2b2ea81115492277e73b8dce5c7a69a6b701d0c9ae1a0f47ff3bce67977f,Ich werde l√§cheln wenn Du gehst,2016
207,Geh nicht vorbei, Christian Anders,https://www.youtube.com/watch?v=AVYW7l2D9EE,e9aca2dbb5bb5266080ed82126431abdca345f9359da29c53608084f328fe186,Geh' nicht vorbei,1968
208 ,Spice Up Your Life,Spice Girls,https://www.youtube.com/watch?v=NG2i4d8xOMo,8f092b8446090a5ffc38e178e9eb51803f3a1703fdc3173f80f69d6345b240ff,Spice Up Your Life,1997 
209 ,Strong Enough,Cher,https://www.youtube.com/watch?v=_eij6Vs7FGo,5bd59324d9bad7a18f11dd606738c5957487f943152b4818d8161096ce45dfd4,Cher - Strong Enough,1998 
210 ,I Get Around,The Beach Boys,https://www.youtube.com/watch?v=BchXkabxn4A,de1bd65b1067c6aa053d9f4e03a80b6292ef4fa8d1cdb768e6da229720cc3b8b,I Get Around (Remastered 2001),1964 
211 ,Scatman (ski-ba-bop-ba-dop-bop),Scatman John,https://www.youtube.com/watch?v=Hy8kmNEo1i8,8e3ed84da9afdaf5b6d6ee790216a0e52457f428eb3179c39a6493d352af17a1,Scatman (ski-ba-bop-ba-dop-bop) Official Video HD - Scatman John,1995 
212 ,Runaway Train,Soul Asylum,https://www.youtube.com/watch?v=OzzKBxlIiEQ,010a8d8080b492e40c7056ba7ee8a7dec623a99d332959533a06289f8ef857b1,Soul Asylum- Runaway Train (lyrics),1986 
213 ,Beautiful Day,U2,https://www.youtube.com/watch?v=rIKTwELuCLw,167a5a546fcdcf3309914de4b3af399d9d1504981560eec43d5a6d28e30ae712,Beautiful Day,2000 
214 ,Summer Love,Mark Medlock,https://www.youtube.com/watch?v=l958Bg-u1Rk,f543219e7c17bb40e059338c930550207fd4a5bc1c089962ca44f3a17ee8c8a2,Summer Love (Radio Version),2008 
215 ,White Flag,Dido,https://www.youtube.com/watch?v=jRqhGC5vgC0,d7ec0715c08ec42e8bee8e9a1c4ff8cffc78ed3a7afa512bfe3dd6adb62d6c93,White Flag,2003 
216 ,Flames Of Love,Fancy,https://www.youtube.com/watch?v=uMqHL3MS1KY,28f768c0813e94bdc6436befbb0419028c3c6b7ecc01902ac9dc178aa41ec77e,Flames of Love (Radio Version),1988 
217 ,Like a Prayer,Madonna,https://www.youtube.com/watch?v=b_rIk8yKDGI,88496c507301227fe8aeb132a6ed3128068d853cdb2b748180f41a6af7c8ebcb,Like a Prayer,1989 
218 ,It's My Life,DJ BoBo,https://www.youtube.com/watch?v=WEQLaMXrgnQ,eb59ae81abe9107daeb64660cbb3bd621522ef606b6d538a6ec8207505d7b43e,DJ Bobo - It's My Life (Official Audio),1996 
219 ,A Neverending Dream,X-Perience,https://www.youtube.com/watch?v=xy4qkciGLYY,0d07fdd0accb23651919c7596208659c70c0c1e2a9dc907ffe0e781fa3324e55,X-Perience - A Neverending Dream,1996 
220 ,I Was Made For Lovin You,KISS,https://www.youtube.com/watch?v=ZhIsAZO5gl0,0e2b19527d5dd19087ed04e736d39887f9b5bdad91875ace511e22343f757676,Kiss - I Was Made For Lovin' You,1979 
221 ,Caravan Of Love,The Housemartins,https://www.youtube.com/watch?v=At_ykyi1ad8,96fd00ad8a6a8bc9ee8103b5173358b43a6540b7d9f6a7d69dcd22f940894c9d,Caravan Of Love,1988 
222 ,Rolling in the Deep,Adele,https://www.youtube.com/watch?v=AIYpdjQVidc,adbda16e127a785df472ccf8839465f72a73c9370219f092c008fd2302448fa0,Rolling In The Deep - Adele (Lyrics) üéµ,2011 
223 ,Song of Joy - Himno a la alegria,Miguel Rios,https://www.youtube.com/watch?v=5udsZiIKpE0,c2453107accb704f7d9f807fc6e25ccfed5b68a23bd383c22f882c34a35bd447,Himno a la alegr√≠a,1969 
224 ,Life,Haddaway,https://www.youtube.com/watch?v=AXL_3LfCpUg,6db3f857c6d4df74298fcebae82360ba2c8e37283cdeb26c85152288dfcb09bd,Haddaway - Life (Radio Edit),1993 
225 ,Beautiful,Christina Aguilera,https://www.youtube.com/watch?v=0C2tFNi_9Ug,5e59410187a84117bd04a66fdb5a027070f644998acf466ba8a962a93a75c7c6,Christina Aguilera - Beautiful Lyrics,2002 
226 ,Ship of Fools,Erasure,https://www.youtube.com/watch?v=-95NVeFwZYU,6dbd44ecaf8a621356dc313cc629a882810cac4f6eed112d48028aab2b93b4a8,Ship of Fools,1988 
227 ,Take Me Home Country Roads,John Denver,https://www.youtube.com/watch?v=uu7j_xljCRY,8527d1d0cc110dbe2833e3d24e4783b30aeb8891e92e41f541fc5b0856578312,"John Denver - Take Me Home, Country Roads (Lyrics)",1971 
228 ,Rock the Boat,Hues Corporation,https://www.youtube.com/watch?v=gSP_Jqn5eUM,c8b7fa412a0e62f18ca1f7b576e4638f5a55bf603fc7d67bcca604a606510345,The Hues Corporation - Rock the Boat (Audio),1973 
229 ,Geronimo,Sheppard,https://www.youtube.com/watch?v=E-SeaCZE2TM,ec232b2530ad389eccc17e90579b45c91c2ebbf32ca80cdb44274ac89e2a987c,Sheppard - Geronimo (Official Lyric Video),2015 
230 ,Aquarius Let The Sunshine In (The Flesh Failures),The 5th Dimension,https://www.youtube.com/watch?v=6c7Q4hjcBjA,b5984ec76376841cc3d17417d996e7d72eff13d596fb99c17d81bd04a3010d95,"Aquarius/Let The Sunshine In (The Flesh Failures) (From the Musical ""Hair"")",1969 
231 ,An Angel,The Kelly Family,https://www.youtube.com/watch?v=Sfepfm_gi2Y,c018c2c9a658d8554abb21176b03700d6a1f622ec96962b420a2f8ac61a16af2,The Kelly Family - An Angel,1994 
232 ,Break Your Heart,Taio Cruz Ludacris,https://www.youtube.com/watch?v=ddgcdagdbwI,9387f31886983c40e7a374b5f528d75fe5854d302433fbbaf522db6ef0a90a49,Break Your Heart,2010 
233 ,Bodo mit dem Bagger,Mike Kr√ºger,https://www.youtube.com/watch?v=iYdsvh_knsY,13caae5319c90a5b7955a19e2982d9e02a2ad2680f19def20aaec0d250a883b3,Mike Kr√ºger  Bodo mit dem Bagger,1983 
234 ,A Thousand Miles,Vanessa Carlton,https://www.youtube.com/watch?v=z04o40nPQMU,b0ac93b436bc7e17ab2125ea53f884a5bec14f3551bcc9e44e8ea09e790c75f4,Vanessa Carlton - A Thousand Miles (Lyrics),2002 
235 ,Girls Just Want to Have Fun,Cyndi Lauper,https://www.youtube.com/watch?v=jRr5EasAq84,6dad2d1de5ec43081c5c6b7a88eb68fbfa2402b3bee85a8cd9e11826eaeaf162,Girls Just Want to Have Fun,1983 
236 ,Nur in meinem Kopf,Andreas Bourani,https://www.youtube.com/watch?v=Bb38E6TcpL8,6b7cd8d04c940b7d799a90e7265161caa1082f51ac308431cf7abb5df7f32847,Andreas Bourani - Nur in meinen Kopf lyrics (songtext),2015 
237 ,Total Eclipse of the Heart,Bonnie Tyler,https://www.youtube.com/watch?v=LSYGIljR6sQ,6de5008187633d3b2a16de0941dff0c97776bd66cd5f152bd910f71e15fa6e12,Bonnie Tyler - Turn Around (Total Eclipse Of The Heart Official Audio),2009 
238 ,Yes Sir I Can Boogie,Baccara,https://www.youtube.com/watch?v=Sb-zHhd2MlQ,c16519ef1faa097b0169cb6dda6b868c861262dcf6afe8583040e42e47f0d076,"Yes Sir, I Can Boogie - Baccara (HQ)",1998 
239 ,Livin la Vida Loca,Ricky Martin,https://www.youtube.com/watch?v=CN5hQOI__10,140130a6efe7c36e6da476e741fa0f1db05580734dcb1874cbe14b4ec615286a,Ricky Martin - Livin' La Vida Loca (Audio),1999 
240 ,Yellow River,Christie,https://www.youtube.com/watch?v=XmnoUQvnOSY,033205d2023f46da32f9cb041b5f82d091c83d7b61e66f75df27c397d0490eab,Yellow River - Christie (HQ),1970 
241 ,Mr. Vain,Culture Beat,https://www.youtube.com/watch?v=VAmq5-wcLHE,66f01088a5ee4c7b5dff70303aff4b45174511c94aae748d827f52a830a6a092,Mr. Vain (Original Radio Edit),1993 
242 ,Amoi seg ma uns wieder,Andreas Gabalier,https://www.youtube.com/watch?v=HQZW9GLgTVg,aa876e74de4a49e0065d95a5ed962af82aaa2c6c92873467bcdd7753611d069d,Amoi seg' ma uns wieder,2009 
243 ,The Power Of Love,Huey Lewis & The News,https://www.youtube.com/watch?v=-UQFBtHEFJ8,aa25aa160eb4578ecfe4f36d40f54d6b607253b2e7f0b62e116dc231309cc047,The Power Of Love- Huey Lewis And The News,2006 
244 ,Music Is The Key,Sarah Connor Naturally 7,https://www.youtube.com/watch?v=5EmNiiAutno,1c672f776eed930dcfff9e9b09b4991abae5aed4cbca4a6fe78541b292e388bb,Sarah Connor - Music Is The Key (Official Video) ft. Naturally 7,2003 
245 ,Be My Baby,The Ronettes,https://www.youtube.com/watch?v=jSPpbOGnFgk,934af49bdf526af482b67da2d88b6ffc8fec598ad15cb7e11cad97ef36cd42e5,The Ronettes - Be My Baby (Official Audio),2011 
246 ,I'm Yours,Jason Mraz,https://www.youtube.com/watch?v=J2TKTLOwjeg,307b2b36c91593f01463e74d8593d4b217877c95d62f341909d5d4a8aec4ff23,"JASON MRAZ - I'm Yours (Lyrics Video) ""Well open up your mind and see like me""",2008 
247 ,Magia,Alvaro Soler,https://www.youtube.com/watch?v=Irwea_BVBhI,d2450ce7648a33b05d69f8310e39121c43e3cb07489511cd2c87afac059e36e6,Alvaro Soler - Magia,2021 
248 ,Mrs. Robinson,Simon and Garfunkel,https://www.youtube.com/watch?v=9C1BCAgu2I8,908ffb217f2c2b98d1a2f1d45d338f0a352c5786b8284848a90964af8a080ddb,Simon & Garfunkel - Mrs. Robinson (Audio),1968 
249 ,Forever in Love,Sylver,https://www.youtube.com/watch?v=Ue2KkI3DLhU,457438a08b908ec1a118774592ef5bade2626c6678fc77933538424d7359d90f,Forever in Love,2001 
250 ,Another Day in Paradise,Phil Collins,https://www.youtube.com/watch?v=eaFlJQGtBeM,b6b387d955083e3128655438bfc65ad4c38d45d9f126d90baa74272b1cdd303b,Phil Collins - Another Day In Paradise [Audio HQ] HD,1989 
251 ,Desenchantee,Kate Ryan,https://www.youtube.com/watch?v=NDhSXVTs068,711271351a6b7a7c32715327d13f360d815fa1270850d4e2941ced9fcfbb5ffd,D√©senchant√©e (Radio Edit),2002 
252 ,Never Gonna Give You Up,Rick Astley,https://www.youtube.com/watch?v=QdezFxHfatw,b646be530c0b4cb430473f8e8177b0ed1e0f24a2ce8d3de55a0384d0e5e80348,Rick Astley - Never Gonna Give You Up [Lyrics],1987 
253 ,TRUSTFALL,Pink,https://www.youtube.com/watch?v=BKR3vn9kKKA,913c890f9f55727f7d46be43b1b4ebb9f96986c687cbaed3c3be18a304c1580e,P!NK - TRUSTFALL (Lyrics),2023 
254 ,Never Going Home,Kungs,https://www.youtube.com/watch?v=fVkWwJl1h9M,11f8301bc4ec6eb63126adcfee8ae336d23eba17fe409982ae704e216cbebabe,Kungs - Never Going Home (Lyrics),2021 
255 ,Smoke On The Water,Deep Purple,https://www.youtube.com/watch?v=zUwEIt9ez7M,779bb13db8fa0674087cd28125ae2eb0cbd7b41889ffc40ccebb22876d948341,Deep Purple - Smoke on the Water (Audio),1972 
256 ,Engel wie du,Juliane Werding,https://www.youtube.com/watch?v=ovHFQP7VuYY,002b17deddd179f82b0dca6e216439057698e8e51a9ada625a2a5e76bc344fe0,Maggie Reilly / Juliane Werding / Victor Lazlo - Engel wie Du (Official Musik Video),1994 
257 ,Promises (with Sam Smith),Calvin Harris Sam Smith Jessie Reyez,https://www.youtube.com/watch?v=-imUq8WysSc,308237122ae890d8489242547c2e080d254cb8c35f37d4a617e2c291831dac82,Calvin Harris & Sam Smith & Jessie Reyez - Promises (Audio) (2018),2018 
258 ,Stay,Bonnie Bianco Pierre Cosso,https://www.youtube.com/watch?v=OGaOZqq_RZc,4058a5cd6b378c9b25360f1910ed00ea6e6a7572ba8fd2f01aff6041db1ea55f,Bonnie Bianco & Pierre Cosso - Stay,2008 
259 ,Human,The Killers,https://www.youtube.com/watch?v=PODjfdNOIEo,9f37c3d3a83acf554f6d3658c01e624a196a51fb193a365966b6efb55f3b4c6e,The Killers - Human,2008 
260 ,Nur ein Kuss, Maddalena Michael Holm,https://www.youtube.com/watch?v=pJQmn1lUFq4,afda9cf5b210701e17da46eef4d65e8329f8087e4aeec456c5a01e9ce8cdf3cf,"Nur ein Kuss, Maddalena",2000 
261 ,Ich will nen Cowboy als Mann,Gitte Haenning,https://www.youtube.com/watch?v=zOcyefACvws,1d428b4239931dba3f72c2752e4e7126e547348fe37b54c2916aaf1376e9b769,Ich will 'Nen Cowboy Als Mann,2007 
262 ,Im Himmel geht es weiter,Matthias Reim,https://www.youtube.com/watch?v=nD3KfyT4xAA,b7573b42fe49a8ede406cb1372033a6e2b4c47f57a4f5a3c38e91ff0e8833d55,Im Himmel geht es weiter,1994 
263 ,Dream Of You,Schiller Peter Heppner,https://www.youtube.com/watch?v=kWhZV0mdm1Y,95edacae8a7ee1fa2b725604a82a0546c5f55aacc8594400de5838f6d42081d8,Schiller mit Heppner - Dream Of You,2001 
264 ,From Paris to Berlin,Infernal,https://www.youtube.com/watch?v=THt5u-i2d9k,e9b0d1073e2b9b34545638c1ff137bfbb138f382c7ee0c9971aefce9e3e4120f,INFERNAL - From Paris to Berlin,2004 
265 ,The Final Countdown,Europe,https://www.youtube.com/watch?v=NNiTxUEnmKI,a28fe7a339c409189a6ad96a3883f496280566fcb02d97355f6c9dd0869de2a4,The Final Countdown,1986 
266 ,Viva La Vida,Coldplay,https://www.youtube.com/watch?v=y4zdDXPYo0I,c51e4323985c8a3d56c48972067a11b3591873ce7ddbd3c9b053d0dff76badba,Coldplay - Viva la Vida (Lyrics),2008 
267 ,Sie liebt den DJ,Michael Wendler,https://www.youtube.com/watch?v=wTv-DBtKLec,2652ead4d8d05f2a6979fc9cf40288fa6a64cbc501343049df9b691009093b04,Sie liebt den DJ (2004),2008 
268 ,Head and Heart (feat. MNEK),Joel Corry,https://www.youtube.com/watch?v=8enrUSEnX5w,34000c8e5bfee87fbbf46e0dee1844cf472b0734ff1d23899be7ac8fbb32287f,Joel Corry feat. MNEK - Head & Heart,2020 
269 ,Never Ending Song Of Love,The New Seekers,https://www.youtube.com/watch?v=ChopL-5R9fo,17c578280598a7258ce0e8e0e8530d3c535418c619737acf4a1d1428fadeecdf,Never ending song of love ~ New Seekers,2019 
270 ,You Are The Sunshine Of My Life,Stevie Wonder,https://www.youtube.com/watch?v=sp6hzycBsTI,192b150e23de3b4c9175c2b2cfff8d59cac5fbb63c96911bc3488cf0b0c26915,You Are The Sunshine Of My Life,1972 
271 ,When Love Takes Over (feat. Kelly Rowland),David Guetta Kelly Rowland,https://www.youtube.com/watch?v=X-OSOtL401o,37ea92b799426de482181a40858ea7ce74174b3371cc37fd312deec2722ea461,David Guetta & Kelly Rowland - When Love Takes Over (Lyrics),2009 
272 ,Jump,Van Halen,https://www.youtube.com/watch?v=bq-potK_7Ts,ec4f5d8a874ca73efaeaf7101634668a98c39393167dcc67e4fc83bd1af3368a,Van Halen - Jump,1996 
273 ,Marleen,Marianne Rosenberg,https://www.youtube.com/watch?v=kiyvIm2RPCU,23b0969920408dbbaa1deabe002f938c8f73ad9f875901c56f5c4086d476149d,Marianne Rosenberg - Marleen (HQ),1994 
274 ,You're The First The Last My Everything,Barry White,https://www.youtube.com/watch?v=E7zmRvhFEYo,3303b0bfce1e69370892a0866ae31dcf55e79bdc4a7182c24c18b3025bfe14b8,"You're The First, The Last, My Everything",1974 
275 ,Dich zu lieben,Roland Kaiser,https://www.youtube.com/watch?v=fydXtBn5QZY,01c95a8c0eb56b034c43040668fcebbbba3a47c3143469ee34dbb845e9d331af,Dich Zu Lieben  -   Roland Kaiser 1985,1984 
276 ,Because the Night,Patti Smith,https://www.youtube.com/watch?v=c_BcivBprM0,f8860abf8c46855b85eb48f0598d059a23a1b31677061cfd45d07ea6573c4c0a,Patti Smith Group - Because the Night (Official Audio),1978 
277 ,This Is The Life,Amy Macdonald,https://www.youtube.com/watch?v=iRYvuS9OxdA,350215cb2b788acbca12c9dfef933e2f5ff7f553215abb0d112a448c27c4ab78,Amy Macdonald - This Is The Life,2007 
278 ,Zwei kleine Italiener,Conny Froboess,https://www.youtube.com/watch?v=ZUVVHZsatL8,40bb6aa7136317eda2965a0f3f62c4b1e0e2074b00a6f8c333a9e5e9a92c41c9,Zwei kleine Italiener,1992 
279 ,I Will Survive,Gloria Gaynor,https://www.youtube.com/watch?v=6dYWe1c3OyU,82fa45877ada17544d1618d24d68b23953e4dab42d11712dec13fac0db25f64f,Gloria Gaynor - I Will Survive,2000 
280 ,YMCA,Village People,https://www.youtube.com/watch?v=_DRNljTgiyg,b6fe30247f0cbdc8718e5061efad75ea3482f73dae9454b8d683a0fd71fcee71,Village People - Y.M.C.A (Lyrics),1978 
281 ,I Love to Love,Tina Charles,https://www.youtube.com/watch?v=R7ZACK0vGDA,74520e48fbf527fa2754b658bd07aaa08782b9db2e100da813bb686aa283ffbc,Tina Charles - I Love to Love (Official Audio),1997 
282 ,Layla,DJ Robin x Sch√ºrze,https://www.youtube.com/watch?v=8grvLAtU-nI,88dd26552ec993cb3cd0795bede18c6cbc51167bb1bcdc4f728959818b0bf2a7,DJ Robin x Sch√ºrze - LAYLA [Lyrics],2022 
283 ,Was f√ºr eine geile Zeit,Ben Zucker,https://www.youtube.com/watch?v=n8NYD5qHdBw,dfe5d168af7060528c3ddd8f96a51d31557c676d1510c15e288d9cfdb4a38f92,Ben Zucker - Was f√ºr eine geile Zeit (Offizielles Musikvideo),2018 
284 ,Silly Love Songs,Wings,https://www.youtube.com/watch?v=ap87QgZKTNw,310790d0b0b1632a8ffa1c2433132902232ee246fd1150545a010ff6739f4af2,Wings - Silly Love Songs (Official Music Video),1976 
285 ,Rude,MAGIC,https://www.youtube.com/watch?v=-qqCx5ZyscE,952447b36ca9ad85e71e732f3e50aee70123256a5fc46c0f36e25f53fb56a8b2,MAGIC! - Rude,2014 
286 ,Sara perche ti amo,Ricchi E Poveri,https://www.youtube.com/watch?v=yqT3LQipGKQ,99abb3527ecf40c7c2a7c01fa029a02d461406d17be02b1c49076d0bb3b62963,Sar√† perch√® ti amo,1998 
287 ,Not Fair,Lily Allen,https://www.youtube.com/watch?v=6ezTZ8NUljA,2b6e0a484b58b2c6dbdc1971b8fa430ef8eece9dfdd36acae4104e2d40e30a6b,Lily Allen - Not Fair (Lyrics),2009 
288 ,Moving on Up,M People,https://www.youtube.com/watch?v=zkHOVJINRD8,bdcd6f184380b9a606aceda67c196d8e3c7b2fb5c6bacf4f13c07ac9af33c6ca,M People - Moving on Up,1998 
289 ,I Love Rock N Roll,Joan Jett and the Blackhearts,https://www.youtube.com/watch?v=STG7w6h1IrM,44dd5df11918f841ea5e9b3e7f06f3cfaa489755ac3fe36a077199d0b3b43d49,Joan Jett - I Love Rock 'n' Roll (lyrics),1981 
290 ,Wasted Love (feat. Lagique),Ofenbach,https://www.youtube.com/watch?v=4fE8lGBEbUA,a52fbea786da09e14a4aefb508c15ce01b36996d3dfad43fec41bf37e39a534b,Ofenbach - Wasted love (lyric video) ft. Lagique,2022 
291 ,Save Your Tears,The Weeknd,https://www.youtube.com/watch?v=3o4ug07qJBI,52ea7d474bf93bd999a8025c7240ce0ece4d032a62de30b3c12bbbf45f2d3251,The Weeknd - Save Your Tears (Lyrics),2020 
292 ,Arcade,Duncan Laurence,https://www.youtube.com/watch?v=Qau6mObfSGM,94e38d7337ad2702b80746eca441d63fe21a00e8d63383fc16a06dc8fb770812,Duncan Laurence - Arcade,2019 
293 ,Stay,Hurts,https://www.youtube.com/watch?v=2t5JbPU1Vy4,431ca02259cf97f91bc317115dd430879e389810d9f872dde3bf3fbb55c42db3,Hurts - Stay + lyrics,2011 
294 ,Candy,Robbie Williams,https://www.youtube.com/watch?v=5T_6-TTUaNs,b3a6400fd62d2d9b23eb032b89b12aab2a6c46db2bc0ec5e0b202c8d28821f39,Robbie Williams - Candy (Lyrics) Hey ho here she goes Either a little too high,2012 
295 ,Na Na Hey Hey Kiss Him Goodbye,Steam,https://www.youtube.com/watch?v=FRlTjErEDPQ,a44cd5663d6408c86899f851f276b9f9bef58c08666e6a3264cbca511b3e55e2,Na Na Hey Hey Kiss Him Goodbye,2006 
296 ,Gib mir Sonne,Rosenstolz,https://www.youtube.com/watch?v=xlEJttAGxik,6adc32b633e77a8a70ff79c51ce6fdeaddebf5c02178bcfe96eab46d2edfb67c,Rosenstolz gib mir Sonne Lyrics,2008 
297 ,You Sexy Thing,Hot Chocolate,https://www.youtube.com/watch?v=iD4ympXPrWs,81dc557e3d6e9643fff65bc5a67b4854f88611d8c54672f64c35f02575085692,You Sexy Thing,1975 
298 ,The Tide Is High,Blondie,https://www.youtube.com/watch?v=BQU2SY_D31M,fddc441653c124b5cd35e9c6ec4149970f36c4ae746887e77512c7d61f9b7af8,The Tide Is High,1999 
299 ,Bring Me To Life,Evanescence,https://www.youtube.com/watch?v=UVob6MQQRqk,4b9fe33417eb91dc34d8dbc8c7dbffc955a9261b663657f607449eb88b79e8e5,Evanescence - Bring Me To Life (lyrics),2003 
300 ,Dolce Vita,Ryan Paris,https://www.youtube.com/watch?v=1BYCeQeuTxE,c96a6b3f525ceeff83bff59b313db471ab75c07e43f4df7e5681f81cb7dd6921,Ryan Paris - Dolce Vita [Audio HD],2009 
301 ,Sucker,Jonas Brothers,https://www.youtube.com/watch?v=tdKmewyZPXE,ce8a5b42283785fa9c55ae6975e180de8dc4b676810c806c399e541494edd909,Jonas Brothers - Sucker (Lyrics),2019 
302 ,Chirpy Chirpy Cheep Cheep,Middle Of The Road,https://www.youtube.com/watch?v=rbHOornfq-s,353bcde45891e33bc9e194d391202a028b277ffa707b193c69b13188f78b1e62,Chirpy Chirpy Cheep Cheep,1989 
303 ,Strangers In The Night,Frank Sinatra,https://www.youtube.com/watch?v=BTOeRwIUnG0,b3d2173db28a1b63912434a443ea13383812fdac01b19c3bc9aec893c31db3b7,Strangers In The Night,1966 
304 ,We Don't Talk Anymore,Cliff Richard,https://www.youtube.com/watch?v=uRMFS_Qvi_U,6bc4434f98f7665592f6dac65e845c6542b173750f392656354609c89c82478f,We Don't Talk Anymore (1987 Remaster),1979 
305 ,Rosamunde,Dennie Christian,https://www.youtube.com/watch?v=FvoB8Prt9bI,cfc857a9fd5f85c3d189d4ba50f938cdcc75729cf8ca6a04d8c8f06cdfca6fea,Dennie Christian - Rosamunde,2006 
306 ,How Deep Is Your Love,Bee Gees,https://www.youtube.com/watch?v=o51p5IRJ5Tc,543064f144c62657d040d088cf3db7b2a5f1c447a353e3b7441db7620452a093,How Deep Is Your Love,1979 
307 ,Long Train Runnin,The Doobie Brothers,https://www.youtube.com/watch?v=CVsLEI-hCXw,af70b07c0528a0becc7b37cfd513a2b84db2ab9a2362eea3c7bd119d3b4a0fe4,Long Train Runnin',1973 
308 ,Whistle,Flo Rida,https://www.youtube.com/watch?v=mRaffkti2us,6556bf47f8e7ec8430afc4cdfcec86c211d4ecd4a4f7497484553039930ac79d,Flo Rida - Whistle [Oficial Audio HD],2012
